{"pages":["Roboto-Medium.png"],"chars":[{"id":40,"index":12,"char":"(","width":15,"height":47,"xoffset":1,"yoffset":1,"xadvance":15,"chnl":15,"x":0,"y":0,"page":0},{"id":41,"index":13,"char":")","width":15,"height":47,"xoffset":-1,"yoffset":1,"xadvance":15,"chnl":15,"x":0,"y":48,"page":0},{"id":91,"index":63,"char":"[","width":12,"height":45,"xoffset":1,"yoffset":0,"xadvance":12,"chnl":15,"x":0,"y":96,"page":0},{"id":93,"index":65,"char":"]","width":12,"height":45,"xoffset":-2,"yoffset":0,"xadvance":12,"chnl":15,"x":0,"y":142,"page":0},{"id":106,"index":78,"char":"j","width":14,"height":44,"xoffset":-4,"yoffset":3,"xadvance":11,"chnl":15,"x":0,"y":188,"page":0},{"id":167,"index":105,"char":"§","width":26,"height":44,"xoffset":0,"yoffset":4,"xadvance":26,"chnl":15,"x":13,"y":96,"page":0},{"id":123,"index":95,"char":"{","width":16,"height":44,"xoffset":-1,"yoffset":1,"xadvance":14,"chnl":15,"x":13,"y":141,"page":0},{"id":125,"index":97,"char":"}","width":16,"height":44,"xoffset":-1,"yoffset":1,"xadvance":14,"chnl":15,"x":16,"y":0,"page":0},{"id":199,"index":646,"char":"Ç","width":28,"height":44,"xoffset":0,"yoffset":4,"xadvance":27,"chnl":15,"x":16,"y":45,"page":0},{"id":36,"index":8,"char":"$","width":24,"height":43,"xoffset":0,"yoffset":-1,"xadvance":24,"chnl":15,"x":33,"y":0,"page":0},{"id":64,"index":36,"char":"@","width":38,"height":42,"xoffset":0,"yoffset":5,"xadvance":38,"chnl":15,"x":0,"y":233,"page":0},{"id":192,"index":639,"char":"À","width":31,"height":42,"xoffset":-2,"yoffset":-4,"xadvance":28,"chnl":15,"x":15,"y":186,"page":0},{"id":194,"index":641,"char":"Â","width":31,"height":42,"xoffset":-2,"yoffset":-4,"xadvance":28,"chnl":15,"x":30,"y":141,"page":0},{"id":195,"index":642,"char":"Ã","width":31,"height":42,"xoffset":-2,"yoffset":-4,"xadvance":28,"chnl":15,"x":40,"y":90,"page":0},{"id":201,"index":648,"char":"É","width":24,"height":42,"xoffset":1,"yoffset":-4,"xadvance":24,"chnl":15,"x":45,"y":44,"page":0},{"id":200,"index":647,"char":"È","width":24,"height":42,"xoffset":1,"yoffset":-4,"xadvance":24,"chnl":15,"x":58,"y":0,"page":0},{"id":202,"index":649,"char":"Ê","width":24,"height":42,"xoffset":1,"yoffset":-4,"xadvance":24,"chnl":15,"x":70,"y":43,"page":0},{"id":206,"index":653,"char":"Î","width":18,"height":42,"xoffset":-3,"yoffset":-4,"xadvance":12,"chnl":15,"x":83,"y":0,"page":0},{"id":212,"index":658,"char":"Ô","width":29,"height":42,"xoffset":0,"yoffset":-4,"xadvance":29,"chnl":15,"x":0,"y":276,"page":0},{"id":219,"index":663,"char":"Û","width":26,"height":42,"xoffset":1,"yoffset":-4,"xadvance":27,"chnl":15,"x":0,"y":319,"page":0},{"id":203,"index":650,"char":"Ë","width":24,"height":41,"xoffset":1,"yoffset":-3,"xadvance":24,"chnl":15,"x":0,"y":362,"page":0},{"id":207,"index":654,"char":"Ï","width":19,"height":41,"xoffset":-3,"yoffset":-3,"xadvance":12,"chnl":15,"x":0,"y":404,"page":0},{"id":214,"index":660,"char":"Ö","width":29,"height":41,"xoffset":0,"yoffset":-3,"xadvance":29,"chnl":15,"x":0,"y":446,"page":0},{"id":220,"index":664,"char":"Ü","width":26,"height":41,"xoffset":1,"yoffset":-3,"xadvance":27,"chnl":15,"x":20,"y":404,"page":0},{"id":81,"index":53,"char":"Q","width":29,"height":39,"xoffset":0,"yoffset":4,"xadvance":29,"chnl":15,"x":25,"y":362,"page":0},{"id":87,"index":59,"char":"W","width":39,"height":34,"xoffset":-1,"yoffset":4,"xadvance":37,"chnl":15,"x":27,"y":319,"page":0},{"id":124,"index":96,"char":"|","width":7,"height":39,"xoffset":2,"yoffset":4,"xadvance":11,"chnl":15,"x":30,"y":276,"page":0},{"id":98,"index":70,"char":"b","width":23,"height":36,"xoffset":1,"yoffset":3,"xadvance":24,"chnl":15,"x":38,"y":276,"page":0},{"id":100,"index":72,"char":"d","width":23,"height":36,"xoffset":0,"yoffset":3,"xadvance":24,"chnl":15,"x":39,"y":229,"page":0},{"id":102,"index":74,"char":"f","width":18,"height":36,"xoffset":-1,"yoffset":2,"xadvance":15,"chnl":15,"x":47,"y":184,"page":0},{"id":104,"index":76,"char":"h","width":22,"height":36,"xoffset":0,"yoffset":3,"xadvance":23,"chnl":15,"x":62,"y":133,"page":0},{"id":107,"index":79,"char":"k","width":24,"height":36,"xoffset":1,"yoffset":3,"xadvance":22,"chnl":15,"x":72,"y":86,"page":0},{"id":108,"index":80,"char":"l","width":9,"height":36,"xoffset":1,"yoffset":3,"xadvance":11,"chnl":15,"x":95,"y":43,"page":0},{"id":47,"index":19,"char":"/","width":20,"height":36,"xoffset":-2,"yoffset":4,"xadvance":17,"chnl":15,"x":102,"y":0,"page":0},{"id":92,"index":64,"char":"\\","width":21,"height":36,"xoffset":-2,"yoffset":4,"xadvance":18,"chnl":15,"x":62,"y":266,"page":0},{"id":224,"index":666,"char":"à","width":23,"height":36,"xoffset":0,"yoffset":3,"xadvance":23,"chnl":15,"x":63,"y":221,"page":0},{"id":225,"index":667,"char":"á","width":23,"height":36,"xoffset":0,"yoffset":3,"xadvance":23,"chnl":15,"x":66,"y":170,"page":0},{"id":226,"index":668,"char":"â","width":23,"height":36,"xoffset":0,"yoffset":2,"xadvance":23,"chnl":15,"x":85,"y":123,"page":0},{"id":227,"index":669,"char":"ã","width":23,"height":36,"xoffset":0,"yoffset":3,"xadvance":23,"chnl":15,"x":97,"y":80,"page":0},{"id":233,"index":675,"char":"é","width":24,"height":36,"xoffset":0,"yoffset":3,"xadvance":23,"chnl":15,"x":105,"y":37,"page":0},{"id":232,"index":674,"char":"è","width":24,"height":36,"xoffset":0,"yoffset":3,"xadvance":23,"chnl":15,"x":123,"y":0,"page":0},{"id":234,"index":676,"char":"ê","width":24,"height":36,"xoffset":0,"yoffset":2,"xadvance":23,"chnl":15,"x":0,"y":488,"page":0},{"id":245,"index":686,"char":"õ","width":25,"height":36,"xoffset":0,"yoffset":3,"xadvance":24,"chnl":15,"x":0,"y":525,"page":0},{"id":244,"index":685,"char":"ô","width":25,"height":36,"xoffset":0,"yoffset":2,"xadvance":24,"chnl":15,"x":25,"y":488,"page":0},{"id":250,"index":689,"char":"ú","width":22,"height":36,"xoffset":0,"yoffset":3,"xadvance":23,"chnl":15,"x":30,"y":446,"page":0},{"id":249,"index":688,"char":"ù","width":22,"height":36,"xoffset":0,"yoffset":3,"xadvance":23,"chnl":15,"x":47,"y":402,"page":0},{"id":251,"index":690,"char":"û","width":22,"height":36,"xoffset":0,"yoffset":2,"xadvance":23,"chnl":15,"x":55,"y":354,"page":0},{"id":231,"index":673,"char":"ç","width":23,"height":36,"xoffset":0,"yoffset":11,"xadvance":22,"chnl":15,"x":67,"y":303,"page":0},{"id":67,"index":39,"char":"C","width":28,"height":35,"xoffset":0,"yoffset":4,"xadvance":27,"chnl":15,"x":84,"y":258,"page":0},{"id":71,"index":43,"char":"G","width":28,"height":35,"xoffset":0,"yoffset":4,"xadvance":29,"chnl":15,"x":87,"y":207,"page":0},{"id":77,"index":49,"char":"M","width":35,"height":34,"xoffset":1,"yoffset":4,"xadvance":37,"chnl":15,"x":90,"y":160,"page":0},{"id":79,"index":51,"char":"O","width":29,"height":35,"xoffset":0,"yoffset":4,"xadvance":29,"chnl":15,"x":109,"y":117,"page":0},{"id":83,"index":55,"char":"S","width":26,"height":35,"xoffset":0,"yoffset":4,"xadvance":25,"chnl":15,"x":121,"y":74,"page":0},{"id":103,"index":75,"char":"g","width":24,"height":35,"xoffset":0,"yoffset":11,"xadvance":24,"chnl":15,"x":130,"y":37,"page":0},{"id":105,"index":77,"char":"i","width":10,"height":35,"xoffset":1,"yoffset":3,"xadvance":11,"chnl":15,"x":148,"y":0,"page":0},{"id":109,"index":81,"char":"m","width":35,"height":27,"xoffset":1,"yoffset":11,"xadvance":37,"chnl":15,"x":0,"y":562,"page":0},{"id":112,"index":84,"char":"p","width":23,"height":35,"xoffset":1,"yoffset":11,"xadvance":24,"chnl":15,"x":26,"y":525,"page":0},{"id":113,"index":85,"char":"q","width":23,"height":35,"xoffset":0,"yoffset":11,"xadvance":24,"chnl":15,"x":0,"y":590,"page":0},{"id":121,"index":93,"char":"y","width":24,"height":35,"xoffset":-2,"yoffset":12,"xadvance":20,"chnl":15,"x":0,"y":626,"page":0},{"id":48,"index":20,"char":"0","width":24,"height":35,"xoffset":0,"yoffset":4,"xadvance":24,"chnl":15,"x":24,"y":590,"page":0},{"id":51,"index":23,"char":"3","width":24,"height":35,"xoffset":0,"yoffset":4,"xadvance":24,"chnl":15,"x":0,"y":662,"page":0},{"id":56,"index":28,"char":"8","width":24,"height":35,"xoffset":0,"yoffset":4,"xadvance":24,"chnl":15,"x":0,"y":698,"page":0},{"id":63,"index":35,"char":"?","width":22,"height":35,"xoffset":-1,"yoffset":4,"xadvance":20,"chnl":15,"x":0,"y":734,"page":0},{"id":38,"index":10,"char":"&","width":29,"height":35,"xoffset":0,"yoffset":4,"xadvance":27,"chnl":15,"x":0,"y":770,"page":0},{"id":37,"index":9,"char":"%","width":31,"height":35,"xoffset":0,"yoffset":4,"xadvance":31,"chnl":15,"x":23,"y":734,"page":0},{"id":181,"index":118,"char":"µ","width":23,"height":35,"xoffset":1,"yoffset":12,"xadvance":25,"chnl":15,"x":25,"y":626,"page":0},{"id":235,"index":677,"char":"ë","width":24,"height":35,"xoffset":0,"yoffset":4,"xadvance":23,"chnl":15,"x":25,"y":662,"page":0},{"id":238,"index":680,"char":"î","width":18,"height":35,"xoffset":-3,"yoffset":3,"xadvance":11,"chnl":15,"x":25,"y":698,"page":0},{"id":246,"index":687,"char":"ö","width":25,"height":35,"xoffset":0,"yoffset":4,"xadvance":24,"chnl":15,"x":44,"y":698,"page":0},{"id":252,"index":691,"char":"ü","width":22,"height":35,"xoffset":0,"yoffset":4,"xadvance":23,"chnl":15,"x":49,"y":561,"page":0},{"id":8364,"index":413,"char":"€","width":24,"height":35,"xoffset":0,"yoffset":4,"xadvance":24,"chnl":15,"x":50,"y":525,"page":0},{"id":65,"index":37,"char":"A","width":31,"height":34,"xoffset":-2,"yoffset":4,"xadvance":28,"chnl":15,"x":51,"y":483,"page":0},{"id":66,"index":38,"char":"B","width":25,"height":34,"xoffset":1,"yoffset":4,"xadvance":26,"chnl":15,"x":53,"y":439,"page":0},{"id":68,"index":40,"char":"D","width":26,"height":34,"xoffset":1,"yoffset":4,"xadvance":27,"chnl":15,"x":70,"y":391,"page":0},{"id":69,"index":41,"char":"E","width":24,"height":34,"xoffset":1,"yoffset":4,"xadvance":24,"chnl":15,"x":78,"y":340,"page":0},{"id":70,"index":42,"char":"F","width":23,"height":34,"xoffset":1,"yoffset":4,"xadvance":23,"chnl":15,"x":91,"y":294,"page":0},{"id":72,"index":44,"char":"H","width":28,"height":34,"xoffset":1,"yoffset":4,"xadvance":30,"chnl":15,"x":113,"y":243,"page":0},{"id":73,"index":45,"char":"I","width":9,"height":34,"xoffset":1,"yoffset":4,"xadvance":12,"chnl":15,"x":116,"y":195,"page":0},{"id":74,"index":46,"char":"J","width":24,"height":34,"xoffset":-1,"yoffset":4,"xadvance":23,"chnl":15,"x":79,"y":426,"page":0},{"id":75,"index":47,"char":"K","width":28,"height":34,"xoffset":1,"yoffset":4,"xadvance":26,"chnl":15,"x":97,"y":375,"page":0},{"id":76,"index":48,"char":"L","width":23,"height":34,"xoffset":1,"yoffset":4,"xadvance":23,"chnl":15,"x":103,"y":329,"page":0},{"id":78,"index":50,"char":"N","width":28,"height":34,"xoffset":1,"yoffset":4,"xadvance":30,"chnl":15,"x":115,"y":278,"page":0},{"id":80,"index":52,"char":"P","width":26,"height":34,"xoffset":1,"yoffset":4,"xadvance":27,"chnl":15,"x":49,"y":597,"page":0},{"id":82,"index":54,"char":"R","width":27,"height":34,"xoffset":1,"yoffset":4,"xadvance":26,"chnl":15,"x":72,"y":561,"page":0},{"id":84,"index":56,"char":"T","width":28,"height":34,"xoffset":-1,"yoffset":4,"xadvance":25,"chnl":15,"x":75,"y":518,"page":0},{"id":85,"index":57,"char":"U","width":26,"height":34,"xoffset":1,"yoffset":4,"xadvance":27,"chnl":15,"x":83,"y":461,"page":0},{"id":86,"index":58,"char":"V","width":30,"height":34,"xoffset":-2,"yoffset":4,"xadvance":27,"chnl":15,"x":104,"y":410,"page":0},{"id":88,"index":60,"char":"X","width":29,"height":34,"xoffset":-1,"yoffset":4,"xadvance":27,"chnl":15,"x":126,"y":364,"page":0},{"id":89,"index":61,"char":"Y","width":29,"height":34,"xoffset":-2,"yoffset":4,"xadvance":26,"chnl":15,"x":127,"y":313,"page":0},{"id":90,"index":62,"char":"Z","width":26,"height":34,"xoffset":0,"yoffset":4,"xadvance":25,"chnl":15,"x":50,"y":632,"page":0},{"id":119,"index":91,"char":"w","width":34,"height":26,"xoffset":-1,"yoffset":12,"xadvance":31,"chnl":15,"x":50,"y":667,"page":0},{"id":49,"index":21,"char":"1","width":16,"height":34,"xoffset":1,"yoffset":4,"xadvance":24,"chnl":15,"x":76,"y":596,"page":0},{"id":50,"index":22,"char":"2","width":25,"height":34,"xoffset":0,"yoffset":4,"xadvance":24,"chnl":15,"x":77,"y":631,"page":0},{"id":52,"index":24,"char":"4","width":26,"height":34,"xoffset":-1,"yoffset":4,"xadvance":24,"chnl":15,"x":93,"y":596,"page":0},{"id":53,"index":25,"char":"5","width":24,"height":34,"xoffset":1,"yoffset":4,"xadvance":24,"chnl":15,"x":100,"y":553,"page":0},{"id":54,"index":26,"char":"6","width":24,"height":34,"xoffset":0,"yoffset":4,"xadvance":24,"chnl":15,"x":104,"y":496,"page":0},{"id":55,"index":27,"char":"7","width":25,"height":34,"xoffset":-1,"yoffset":4,"xadvance":24,"chnl":15,"x":110,"y":445,"page":0},{"id":57,"index":29,"char":"9","width":23,"height":34,"xoffset":0,"yoffset":4,"xadvance":24,"chnl":15,"x":135,"y":399,"page":0},{"id":33,"index":5,"char":"!","width":10,"height":34,"xoffset":1,"yoffset":4,"xadvance":11,"chnl":15,"x":156,"y":348,"page":0},{"id":163,"index":101,"char":"£","width":26,"height":34,"xoffset":0,"yoffset":4,"xadvance":25,"chnl":15,"x":126,"y":153,"page":0},{"id":35,"index":7,"char":"#","width":27,"height":34,"xoffset":0,"yoffset":4,"xadvance":26,"chnl":15,"x":139,"y":110,"page":0},{"id":239,"index":681,"char":"ï","width":19,"height":34,"xoffset":-4,"yoffset":4,"xadvance":11,"chnl":15,"x":148,"y":73,"page":0},{"id":59,"index":31,"char":";","width":11,"height":33,"xoffset":-1,"yoffset":11,"xadvance":10,"chnl":15,"x":155,"y":36,"page":0},{"id":116,"index":88,"char":"t","width":17,"height":32,"xoffset":-2,"yoffset":6,"xadvance":14,"chnl":15,"x":159,"y":0,"page":0},{"id":248,"index":137,"char":"ø","width":25,"height":32,"xoffset":0,"yoffset":9,"xadvance":24,"chnl":15,"x":167,"y":33,"page":0},{"id":97,"index":69,"char":"a","width":23,"height":27,"xoffset":0,"yoffset":11,"xadvance":23,"chnl":15,"x":177,"y":0,"page":0},{"id":99,"index":71,"char":"c","width":23,"height":27,"xoffset":0,"yoffset":11,"xadvance":22,"chnl":15,"x":126,"y":188,"page":0},{"id":101,"index":73,"char":"e","width":24,"height":27,"xoffset":0,"yoffset":11,"xadvance":23,"chnl":15,"x":142,"y":216,"page":0},{"id":110,"index":82,"char":"n","width":22,"height":27,"xoffset":0,"yoffset":11,"xadvance":23,"chnl":15,"x":150,"y":188,"page":0},{"id":111,"index":83,"char":"o","width":25,"height":27,"xoffset":0,"yoffset":11,"xadvance":24,"chnl":15,"x":142,"y":244,"page":0},{"id":114,"index":86,"char":"r","width":16,"height":27,"xoffset":1,"yoffset":11,"xadvance":15,"chnl":15,"x":167,"y":216,"page":0},{"id":115,"index":87,"char":"s","width":22,"height":27,"xoffset":0,"yoffset":11,"xadvance":22,"chnl":15,"x":144,"y":272,"page":0},{"id":117,"index":89,"char":"u","width":22,"height":27,"xoffset":0,"yoffset":12,"xadvance":23,"chnl":15,"x":153,"y":145,"page":0},{"id":58,"index":30,"char":":","width":10,"height":27,"xoffset":1,"yoffset":11,"xadvance":11,"chnl":15,"x":36,"y":561,"page":0},{"id":126,"index":98,"char":"~","width":27,"height":13,"xoffset":0,"yoffset":17,"xadvance":28,"chnl":15,"x":127,"y":348,"page":0},{"id":118,"index":90,"char":"v","width":24,"height":26,"xoffset":-2,"yoffset":12,"xadvance":21,"chnl":15,"x":167,"y":108,"page":0},{"id":120,"index":92,"char":"x","width":24,"height":26,"xoffset":-1,"yoffset":12,"xadvance":21,"chnl":15,"x":168,"y":66,"page":0},{"id":122,"index":94,"char":"z","width":22,"height":26,"xoffset":0,"yoffset":12,"xadvance":21,"chnl":15,"x":173,"y":173,"page":0},{"id":43,"index":15,"char":"+","width":24,"height":26,"xoffset":-1,"yoffset":9,"xadvance":23,"chnl":15,"x":176,"y":135,"page":0},{"id":42,"index":14,"char":"*","width":22,"height":22,"xoffset":-1,"yoffset":4,"xadvance":19,"chnl":15,"x":192,"y":93,"page":0},{"id":61,"index":33,"char":"=","width":22,"height":17,"xoffset":1,"yoffset":14,"xadvance":24,"chnl":15,"x":192,"y":116,"page":0},{"id":178,"index":115,"char":"²","width":17,"height":20,"xoffset":-1,"yoffset":4,"xadvance":16,"chnl":15,"x":83,"y":496,"page":0},{"id":44,"index":16,"char":",","width":11,"height":16,"xoffset":-1,"yoffset":29,"xadvance":9,"chnl":15,"x":126,"y":216,"page":0},{"id":176,"index":113,"char":"°","width":15,"height":15,"xoffset":1,"yoffset":4,"xadvance":16,"chnl":15,"x":78,"y":375,"page":0},{"id":45,"index":17,"char":"-","width":15,"height":8,"xoffset":-1,"yoffset":19,"xadvance":14,"chnl":15,"x":53,"y":474,"page":0},{"id":39,"index":11,"char":"'","width":8,"height":15,"xoffset":0,"yoffset":3,"xadvance":7,"chnl":15,"x":115,"y":313,"page":0},{"id":96,"index":68,"char":"`","width":14,"height":10,"xoffset":-1,"yoffset":3,"xadvance":14,"chnl":15,"x":55,"y":391,"page":0},{"id":46,"index":18,"char":".","width":10,"height":9,"xoffset":1,"yoffset":29,"xadvance":12,"chnl":15,"x":39,"y":266,"page":0},{"id":32,"index":4,"char":" ","width":0,"height":0,"xoffset":-2,"yoffset":34,"xadvance":10,"chnl":15,"x":33,"y":44,"page":0}],"info":{"face":"Roboto-Medium","size":42,"bold":0,"italic":0,"charset":["A","B","C","D","E","F","G","H","I","J","K","L","M","N","O","P","Q","R","S","T","U","V","W","X","Y","Z","a","b","c","d","e","f","g","h","i","j","k","l","m","n","o","p","q","r","s","t","u","v","w","x","y","z","0","1","2","3","4","5","6","7","8","9",".","?","!","/",":",";",",","*","§","£","$","ø","@","+","°","-","~","#","&","²","'","{","}","[","]","|","`","\\","(",")","=","%","µ"," ","à","á","â","ã","é","è","ë","ê","ï","î","ö","õ","ô","ú","ù","ü","û","À","Â","Ã","É","È","Ë","Ê","Ï","Î","Ö","Ô","Ü","Û","ç","Ç","€"],"unicode":1,"stretchH":100,"smooth":1,"aa":1,"padding":[2,2,2,2],"spacing":[0,0]},"common":{"lineHeight":44,"base":34,"scaleW":1024,"scaleH":1024,"pages":1,"packed":0,"alphaChnl":0,"redChnl":0,"greenChnl":0,"blueChnl":0},"distanceField":{"fieldType":"msdf","distanceRange":4},"kernings":[{"first":65,"second":67,"amount":0},{"first":65,"second":71,"amount":0},{"first":65,"second":79,"amount":0},{"first":65,"second":81,"amount":0},{"first":65,"second":84,"amount":-2},{"first":65,"second":85,"amount":0},{"first":65,"second":86,"amount":-2},{"first":65,"second":87,"amount":-1},{"first":65,"second":89,"amount":-3},{"first":65,"second":109,"amount":-1},{"first":65,"second":110,"amount":-1},{"first":65,"second":111,"amount":0},{"first":65,"second":112,"amount":-1},{"first":65,"second":116,"amount":0},{"first":65,"second":117,"amount":0},{"first":65,"second":118,"amount":-1},{"first":65,"second":119,"amount":-1},{"first":65,"second":121,"amount":-1},{"first":65,"second":122,"amount":0},{"first":65,"second":63,"amount":-2},{"first":65,"second":39,"amount":-2},{"first":65,"second":246,"amount":0},{"first":65,"second":245,"amount":0},{"first":65,"second":244,"amount":0},{"first":65,"second":250,"amount":0},{"first":65,"second":249,"amount":0},{"first":65,"second":252,"amount":0},{"first":65,"second":251,"amount":0},{"first":65,"second":214,"amount":0},{"first":65,"second":212,"amount":0},{"first":65,"second":220,"amount":0},{"first":65,"second":219,"amount":0},{"first":65,"second":199,"amount":0},{"first":66,"second":84,"amount":-1},{"first":66,"second":86,"amount":0},{"first":66,"second":89,"amount":-1},{"first":67,"second":84,"amount":-1},{"first":67,"second":125,"amount":0},{"first":67,"second":93,"amount":0},{"first":67,"second":41,"amount":-1},{"first":68,"second":65,"amount":0},{"first":68,"second":84,"amount":-2},{"first":68,"second":86,"amount":0},{"first":68,"second":88,"amount":0},{"first":68,"second":89,"amount":-1},{"first":68,"second":90,"amount":0},{"first":68,"second":46,"amount":-3},{"first":68,"second":44,"amount":-3},{"first":68,"second":192,"amount":0},{"first":68,"second":194,"amount":0},{"first":68,"second":195,"amount":0},{"first":69,"second":84,"amount":0},{"first":69,"second":99,"amount":0},{"first":69,"second":100,"amount":0},{"first":69,"second":101,"amount":0},{"first":69,"second":102,"amount":0},{"first":69,"second":103,"amount":0},{"first":69,"second":111,"amount":0},{"first":69,"second":113,"amount":0},{"first":69,"second":117,"amount":0},{"first":69,"second":118,"amount":-1},{"first":69,"second":119,"amount":0},{"first":69,"second":121,"amount":-1},{"first":69,"second":233,"amount":0},{"first":69,"second":232,"amount":0},{"first":69,"second":235,"amount":0},{"first":69,"second":234,"amount":0},{"first":69,"second":246,"amount":0},{"first":69,"second":245,"amount":0},{"first":69,"second":244,"amount":0},{"first":69,"second":250,"amount":0},{"first":69,"second":249,"amount":0},{"first":69,"second":252,"amount":0},{"first":69,"second":251,"amount":0},{"first":69,"second":231,"amount":0},{"first":70,"second":65,"amount":-4},{"first":70,"second":74,"amount":-4},{"first":70,"second":84,"amount":0},{"first":70,"second":97,"amount":-1},{"first":70,"second":99,"amount":0},{"first":70,"second":100,"amount":0},{"first":70,"second":101,"amount":0},{"first":70,"second":103,"amount":0},{"first":70,"second":111,"amount":0},{"first":70,"second":113,"amount":0},{"first":70,"second":114,"amount":-1},{"first":70,"second":117,"amount":0},{"first":70,"second":118,"amount":0},{"first":70,"second":121,"amount":0},{"first":70,"second":46,"amount":-6},{"first":70,"second":44,"amount":-6},{"first":70,"second":224,"amount":-1},{"first":70,"second":225,"amount":-1},{"first":70,"second":226,"amount":-1},{"first":70,"second":227,"amount":-1},{"first":70,"second":233,"amount":0},{"first":70,"second":232,"amount":0},{"first":70,"second":235,"amount":0},{"first":70,"second":234,"amount":0},{"first":70,"second":246,"amount":0},{"first":70,"second":245,"amount":0},{"first":70,"second":244,"amount":0},{"first":70,"second":250,"amount":0},{"first":70,"second":249,"amount":0},{"first":70,"second":252,"amount":0},{"first":70,"second":251,"amount":0},{"first":70,"second":192,"amount":-4},{"first":70,"second":194,"amount":-4},{"first":70,"second":195,"amount":-4},{"first":70,"second":231,"amount":0},{"first":72,"second":65,"amount":0},{"first":72,"second":84,"amount":-1},{"first":72,"second":88,"amount":0},{"first":72,"second":89,"amount":-1},{"first":72,"second":192,"amount":0},{"first":72,"second":194,"amount":0},{"first":72,"second":195,"amount":0},{"first":73,"second":65,"amount":0},{"first":73,"second":84,"amount":-1},{"first":73,"second":88,"amount":0},{"first":73,"second":89,"amount":-1},{"first":73,"second":192,"amount":0},{"first":73,"second":194,"amount":0},{"first":73,"second":195,"amount":0},{"first":74,"second":65,"amount":0},{"first":74,"second":192,"amount":0},{"first":74,"second":194,"amount":0},{"first":74,"second":195,"amount":0},{"first":75,"second":67,"amount":-1},{"first":75,"second":71,"amount":-1},{"first":75,"second":79,"amount":-1},{"first":75,"second":81,"amount":-1},{"first":75,"second":99,"amount":-1},{"first":75,"second":100,"amount":-1},{"first":75,"second":101,"amount":-1},{"first":75,"second":103,"amount":-1},{"first":75,"second":111,"amount":-1},{"first":75,"second":113,"amount":-1},{"first":75,"second":117,"amount":0},{"first":75,"second":118,"amount":-1},{"first":75,"second":119,"amount":-1},{"first":75,"second":121,"amount":-1},{"first":75,"second":45,"amount":-3},{"first":75,"second":233,"amount":-1},{"first":75,"second":232,"amount":-1},{"first":75,"second":235,"amount":-1},{"first":75,"second":234,"amount":-1},{"first":75,"second":246,"amount":-1},{"first":75,"second":245,"amount":-1},{"first":75,"second":244,"amount":-1},{"first":75,"second":250,"amount":0},{"first":75,"second":249,"amount":0},{"first":75,"second":252,"amount":0},{"first":75,"second":251,"amount":0},{"first":75,"second":214,"amount":-1},{"first":75,"second":212,"amount":-1},{"first":75,"second":231,"amount":-1},{"first":75,"second":199,"amount":-1},{"first":76,"second":65,"amount":0},{"first":76,"second":67,"amount":-1},{"first":76,"second":71,"amount":-1},{"first":76,"second":79,"amount":-1},{"first":76,"second":81,"amount":-1},{"first":76,"second":84,"amount":-4},{"first":76,"second":85,"amount":0},{"first":76,"second":86,"amount":-4},{"first":76,"second":87,"amount":-2},{"first":76,"second":89,"amount":-6},{"first":76,"second":117,"amount":0},{"first":76,"second":118,"amount":-3},{"first":76,"second":119,"amount":-1},{"first":76,"second":121,"amount":-3},{"first":76,"second":39,"amount":-6},{"first":76,"second":250,"amount":0},{"first":76,"second":249,"amount":0},{"first":76,"second":252,"amount":0},{"first":76,"second":251,"amount":0},{"first":76,"second":192,"amount":0},{"first":76,"second":194,"amount":0},{"first":76,"second":195,"amount":0},{"first":76,"second":214,"amount":-1},{"first":76,"second":212,"amount":-1},{"first":76,"second":220,"amount":0},{"first":76,"second":219,"amount":0},{"first":76,"second":199,"amount":-1},{"first":77,"second":65,"amount":0},{"first":77,"second":84,"amount":-1},{"first":77,"second":88,"amount":0},{"first":77,"second":89,"amount":-1},{"first":77,"second":192,"amount":0},{"first":77,"second":194,"amount":0},{"first":77,"second":195,"amount":0},{"first":78,"second":65,"amount":0},{"first":78,"second":84,"amount":-1},{"first":78,"second":88,"amount":0},{"first":78,"second":89,"amount":-1},{"first":78,"second":192,"amount":0},{"first":78,"second":194,"amount":0},{"first":78,"second":195,"amount":0},{"first":79,"second":65,"amount":0},{"first":79,"second":84,"amount":-2},{"first":79,"second":86,"amount":0},{"first":79,"second":88,"amount":0},{"first":79,"second":89,"amount":-1},{"first":79,"second":90,"amount":0},{"first":79,"second":46,"amount":-3},{"first":79,"second":44,"amount":-3},{"first":79,"second":192,"amount":0},{"first":79,"second":194,"amount":0},{"first":79,"second":195,"amount":0},{"first":80,"second":65,"amount":-4},{"first":80,"second":74,"amount":-4},{"first":80,"second":88,"amount":-1},{"first":80,"second":90,"amount":-1},{"first":80,"second":97,"amount":0},{"first":80,"second":99,"amount":0},{"first":80,"second":100,"amount":0},{"first":80,"second":101,"amount":0},{"first":80,"second":103,"amount":0},{"first":80,"second":111,"amount":0},{"first":80,"second":113,"amount":0},{"first":80,"second":116,"amount":0},{"first":80,"second":118,"amount":0},{"first":80,"second":121,"amount":0},{"first":80,"second":46,"amount":-8},{"first":80,"second":44,"amount":-8},{"first":80,"second":224,"amount":0},{"first":80,"second":225,"amount":0},{"first":80,"second":226,"amount":0},{"first":80,"second":227,"amount":0},{"first":80,"second":233,"amount":0},{"first":80,"second":232,"amount":0},{"first":80,"second":235,"amount":0},{"first":80,"second":234,"amount":0},{"first":80,"second":246,"amount":0},{"first":80,"second":245,"amount":0},{"first":80,"second":244,"amount":0},{"first":80,"second":192,"amount":-4},{"first":80,"second":194,"amount":-4},{"first":80,"second":195,"amount":-4},{"first":80,"second":231,"amount":0},{"first":81,"second":84,"amount":-1},{"first":81,"second":86,"amount":-1},{"first":81,"second":87,"amount":0},{"first":81,"second":89,"amount":-1},{"first":82,"second":84,"amount":-1},{"first":82,"second":86,"amount":0},{"first":82,"second":89,"amount":-1},{"first":84,"second":65,"amount":-2},{"first":84,"second":67,"amount":-1},{"first":84,"second":71,"amount":-1},{"first":84,"second":74,"amount":-4},{"first":84,"second":79,"amount":-1},{"first":84,"second":81,"amount":-1},{"first":84,"second":83,"amount":0},{"first":84,"second":84,"amount":0},{"first":84,"second":86,"amount":0},{"first":84,"second":87,"amount":0},{"first":84,"second":89,"amount":0},{"first":84,"second":97,"amount":-3},{"first":84,"second":99,"amount":-2},{"first":84,"second":100,"amount":-2},{"first":84,"second":101,"amount":-2},{"first":84,"second":103,"amount":-2},{"first":84,"second":109,"amount":-2},{"first":84,"second":110,"amount":-2},{"first":84,"second":111,"amount":-4},{"first":84,"second":112,"amount":-2},{"first":84,"second":113,"amount":-2},{"first":84,"second":114,"amount":-1},{"first":84,"second":115,"amount":-2},{"first":84,"second":117,"amount":-1},{"first":84,"second":118,"amount":-2},{"first":84,"second":119,"amount":-1},{"first":84,"second":120,"amount":-2},{"first":84,"second":121,"amount":-2},{"first":84,"second":122,"amount":-1},{"first":84,"second":46,"amount":-5},{"first":84,"second":44,"amount":-5},{"first":84,"second":248,"amount":-2},{"first":84,"second":45,"amount":-6},{"first":84,"second":32,"amount":-1},{"first":84,"second":224,"amount":-3},{"first":84,"second":225,"amount":-3},{"first":84,"second":226,"amount":-3},{"first":84,"second":227,"amount":-3},{"first":84,"second":233,"amount":-2},{"first":84,"second":232,"amount":-2},{"first":84,"second":235,"amount":-2},{"first":84,"second":234,"amount":-2},{"first":84,"second":246,"amount":-4},{"first":84,"second":245,"amount":-4},{"first":84,"second":244,"amount":-4},{"first":84,"second":250,"amount":-1},{"first":84,"second":249,"amount":-1},{"first":84,"second":252,"amount":-1},{"first":84,"second":251,"amount":-1},{"first":84,"second":192,"amount":-2},{"first":84,"second":194,"amount":-2},{"first":84,"second":195,"amount":-2},{"first":84,"second":214,"amount":-1},{"first":84,"second":212,"amount":-1},{"first":84,"second":231,"amount":-2},{"first":84,"second":199,"amount":-1},{"first":85,"second":65,"amount":0},{"first":85,"second":192,"amount":0},{"first":85,"second":194,"amount":0},{"first":85,"second":195,"amount":0},{"first":86,"second":65,"amount":-2},{"first":86,"second":67,"amount":0},{"first":86,"second":71,"amount":0},{"first":86,"second":79,"amount":0},{"first":86,"second":81,"amount":0},{"first":86,"second":97,"amount":-1},{"first":86,"second":99,"amount":-1},{"first":86,"second":100,"amount":-1},{"first":86,"second":101,"amount":-1},{"first":86,"second":103,"amount":-1},{"first":86,"second":111,"amount":-1},{"first":86,"second":113,"amount":-1},{"first":86,"second":114,"amount":-1},{"first":86,"second":117,"amount":-1},{"first":86,"second":118,"amount":0},{"first":86,"second":121,"amount":0},{"first":86,"second":46,"amount":-4},{"first":86,"second":44,"amount":-4},{"first":86,"second":45,"amount":-3},{"first":86,"second":125,"amount":0},{"first":86,"second":93,"amount":0},{"first":86,"second":41,"amount":0},{"first":86,"second":224,"amount":-1},{"first":86,"second":225,"amount":-1},{"first":86,"second":226,"amount":-1},{"first":86,"second":227,"amount":-1},{"first":86,"second":233,"amount":-1},{"first":86,"second":232,"amount":-1},{"first":86,"second":235,"amount":-1},{"first":86,"second":234,"amount":-1},{"first":86,"second":246,"amount":-1},{"first":86,"second":245,"amount":-1},{"first":86,"second":244,"amount":-1},{"first":86,"second":250,"amount":-1},{"first":86,"second":249,"amount":-1},{"first":86,"second":252,"amount":-1},{"first":86,"second":251,"amount":-1},{"first":86,"second":192,"amount":-2},{"first":86,"second":194,"amount":-2},{"first":86,"second":195,"amount":-2},{"first":86,"second":214,"amount":0},{"first":86,"second":212,"amount":0},{"first":86,"second":231,"amount":-1},{"first":86,"second":199,"amount":0},{"first":87,"second":65,"amount":-1},{"first":87,"second":84,"amount":0},{"first":87,"second":97,"amount":-1},{"first":87,"second":99,"amount":-1},{"first":87,"second":100,"amount":-1},{"first":87,"second":101,"amount":-1},{"first":87,"second":103,"amount":-1},{"first":87,"second":111,"amount":-1},{"first":87,"second":113,"amount":-1},{"first":87,"second":114,"amount":0},{"first":87,"second":117,"amount":0},{"first":87,"second":46,"amount":-3},{"first":87,"second":44,"amount":-3},{"first":87,"second":45,"amount":-1},{"first":87,"second":125,"amount":0},{"first":87,"second":93,"amount":0},{"first":87,"second":41,"amount":0},{"first":87,"second":224,"amount":-1},{"first":87,"second":225,"amount":-1},{"first":87,"second":226,"amount":-1},{"first":87,"second":227,"amount":-1},{"first":87,"second":233,"amount":-1},{"first":87,"second":232,"amount":-1},{"first":87,"second":235,"amount":-1},{"first":87,"second":234,"amount":-1},{"first":87,"second":246,"amount":-1},{"first":87,"second":245,"amount":-1},{"first":87,"second":244,"amount":-1},{"first":87,"second":250,"amount":0},{"first":87,"second":249,"amount":0},{"first":87,"second":252,"amount":0},{"first":87,"second":251,"amount":0},{"first":87,"second":192,"amount":-1},{"first":87,"second":194,"amount":-1},{"first":87,"second":195,"amount":-1},{"first":87,"second":231,"amount":-1},{"first":88,"second":67,"amount":-1},{"first":88,"second":71,"amount":-1},{"first":88,"second":79,"amount":-1},{"first":88,"second":81,"amount":-1},{"first":88,"second":86,"amount":0},{"first":88,"second":99,"amount":-1},{"first":88,"second":100,"amount":-1},{"first":88,"second":101,"amount":-1},{"first":88,"second":103,"amount":-1},{"first":88,"second":111,"amount":0},{"first":88,"second":113,"amount":-1},{"first":88,"second":117,"amount":0},{"first":88,"second":118,"amount":-1},{"first":88,"second":121,"amount":-1},{"first":88,"second":45,"amount":-3},{"first":88,"second":233,"amount":-1},{"first":88,"second":232,"amount":-1},{"first":88,"second":235,"amount":-1},{"first":88,"second":234,"amount":-1},{"first":88,"second":246,"amount":0},{"first":88,"second":245,"amount":0},{"first":88,"second":244,"amount":0},{"first":88,"second":250,"amount":0},{"first":88,"second":249,"amount":0},{"first":88,"second":252,"amount":0},{"first":88,"second":251,"amount":0},{"first":88,"second":214,"amount":-1},{"first":88,"second":212,"amount":-1},{"first":88,"second":231,"amount":-1},{"first":88,"second":199,"amount":-1},{"first":89,"second":65,"amount":-3},{"first":89,"second":67,"amount":-1},{"first":89,"second":71,"amount":-1},{"first":89,"second":74,"amount":-2},{"first":89,"second":79,"amount":-1},{"first":89,"second":81,"amount":-1},{"first":89,"second":83,"amount":0},{"first":89,"second":84,"amount":0},{"first":89,"second":85,"amount":-2},{"first":89,"second":86,"amount":0},{"first":89,"second":87,"amount":0},{"first":89,"second":88,"amount":0},{"first":89,"second":89,"amount":0},{"first":89,"second":97,"amount":-1},{"first":89,"second":99,"amount":-1},{"first":89,"second":100,"amount":-1},{"first":89,"second":101,"amount":-1},{"first":89,"second":102,"amount":0},{"first":89,"second":103,"amount":-1},{"first":89,"second":109,"amount":-1},{"first":89,"second":110,"amount":-1},{"first":89,"second":111,"amount":-1},{"first":89,"second":112,"amount":-1},{"first":89,"second":113,"amount":-1},{"first":89,"second":114,"amount":-1},{"first":89,"second":115,"amount":-1},{"first":89,"second":116,"amount":0},{"first":89,"second":117,"amount":-1},{"first":89,"second":118,"amount":0},{"first":89,"second":120,"amount":0},{"first":89,"second":121,"amount":0},{"first":89,"second":122,"amount":-1},{"first":89,"second":46,"amount":-5},{"first":89,"second":44,"amount":-5},{"first":89,"second":42,"amount":-1},{"first":89,"second":248,"amount":-1},{"first":89,"second":45,"amount":-3},{"first":89,"second":38,"amount":-1},{"first":89,"second":125,"amount":0},{"first":89,"second":93,"amount":0},{"first":89,"second":41,"amount":0},{"first":89,"second":224,"amount":-1},{"first":89,"second":225,"amount":-1},{"first":89,"second":226,"amount":-1},{"first":89,"second":227,"amount":-1},{"first":89,"second":233,"amount":-1},{"first":89,"second":232,"amount":-1},{"first":89,"second":235,"amount":-1},{"first":89,"second":234,"amount":-1},{"first":89,"second":246,"amount":-1},{"first":89,"second":245,"amount":-1},{"first":89,"second":244,"amount":-1},{"first":89,"second":250,"amount":-1},{"first":89,"second":249,"amount":-1},{"first":89,"second":252,"amount":-1},{"first":89,"second":251,"amount":-1},{"first":89,"second":192,"amount":-3},{"first":89,"second":194,"amount":-3},{"first":89,"second":195,"amount":-3},{"first":89,"second":214,"amount":-1},{"first":89,"second":212,"amount":-1},{"first":89,"second":220,"amount":-2},{"first":89,"second":219,"amount":-2},{"first":89,"second":231,"amount":-1},{"first":89,"second":199,"amount":-1},{"first":90,"second":65,"amount":0},{"first":90,"second":67,"amount":-1},{"first":90,"second":71,"amount":-1},{"first":90,"second":79,"amount":-1},{"first":90,"second":81,"amount":-1},{"first":90,"second":99,"amount":0},{"first":90,"second":100,"amount":0},{"first":90,"second":101,"amount":0},{"first":90,"second":103,"amount":0},{"first":90,"second":111,"amount":0},{"first":90,"second":113,"amount":0},{"first":90,"second":117,"amount":0},{"first":90,"second":118,"amount":-1},{"first":90,"second":119,"amount":-1},{"first":90,"second":121,"amount":-1},{"first":90,"second":233,"amount":0},{"first":90,"second":232,"amount":0},{"first":90,"second":235,"amount":0},{"first":90,"second":234,"amount":0},{"first":90,"second":246,"amount":0},{"first":90,"second":245,"amount":0},{"first":90,"second":244,"amount":0},{"first":90,"second":250,"amount":0},{"first":90,"second":249,"amount":0},{"first":90,"second":252,"amount":0},{"first":90,"second":251,"amount":0},{"first":90,"second":192,"amount":0},{"first":90,"second":194,"amount":0},{"first":90,"second":195,"amount":0},{"first":90,"second":214,"amount":-1},{"first":90,"second":212,"amount":-1},{"first":90,"second":231,"amount":0},{"first":90,"second":199,"amount":-1},{"first":97,"second":118,"amount":0},{"first":97,"second":121,"amount":0},{"first":97,"second":39,"amount":0},{"first":98,"second":118,"amount":0},{"first":98,"second":120,"amount":0},{"first":98,"second":121,"amount":0},{"first":98,"second":122,"amount":0},{"first":98,"second":39,"amount":-1},{"first":99,"second":39,"amount":0},{"first":101,"second":118,"amount":0},{"first":101,"second":121,"amount":0},{"first":101,"second":39,"amount":0},{"first":102,"second":99,"amount":0},{"first":102,"second":100,"amount":0},{"first":102,"second":101,"amount":0},{"first":102,"second":103,"amount":0},{"first":102,"second":113,"amount":0},{"first":102,"second":39,"amount":0},{"first":102,"second":125,"amount":0},{"first":102,"second":93,"amount":0},{"first":102,"second":41,"amount":0},{"first":102,"second":233,"amount":0},{"first":102,"second":232,"amount":0},{"first":102,"second":235,"amount":0},{"first":102,"second":234,"amount":0},{"first":102,"second":231,"amount":0},{"first":104,"second":39,"amount":-2},{"first":107,"second":99,"amount":0},{"first":107,"second":100,"amount":0},{"first":107,"second":101,"amount":0},{"first":107,"second":103,"amount":0},{"first":107,"second":113,"amount":0},{"first":107,"second":233,"amount":0},{"first":107,"second":232,"amount":0},{"first":107,"second":235,"amount":0},{"first":107,"second":234,"amount":0},{"first":107,"second":231,"amount":0},{"first":109,"second":39,"amount":-2},{"first":110,"second":39,"amount":-2},{"first":111,"second":118,"amount":0},{"first":111,"second":120,"amount":0},{"first":111,"second":121,"amount":0},{"first":111,"second":122,"amount":0},{"first":111,"second":39,"amount":-2},{"first":112,"second":118,"amount":0},{"first":112,"second":120,"amount":0},{"first":112,"second":121,"amount":0},{"first":112,"second":122,"amount":0},{"first":112,"second":39,"amount":-1},{"first":114,"second":97,"amount":-1},{"first":114,"second":99,"amount":0},{"first":114,"second":100,"amount":0},{"first":114,"second":101,"amount":0},{"first":114,"second":102,"amount":0},{"first":114,"second":103,"amount":0},{"first":114,"second":111,"amount":-1},{"first":114,"second":113,"amount":0},{"first":114,"second":116,"amount":1},{"first":114,"second":118,"amount":0},{"first":114,"second":119,"amount":0},{"first":114,"second":121,"amount":0},{"first":114,"second":46,"amount":-4},{"first":114,"second":44,"amount":-4},{"first":114,"second":39,"amount":0},{"first":114,"second":224,"amount":-1},{"first":114,"second":225,"amount":-1},{"first":114,"second":226,"amount":-1},{"first":114,"second":227,"amount":-1},{"first":114,"second":233,"amount":0},{"first":114,"second":232,"amount":0},{"first":114,"second":235,"amount":0},{"first":114,"second":234,"amount":0},{"first":114,"second":246,"amount":-1},{"first":114,"second":245,"amount":-1},{"first":114,"second":244,"amount":-1},{"first":114,"second":231,"amount":0},{"first":116,"second":111,"amount":-1},{"first":116,"second":246,"amount":-1},{"first":116,"second":245,"amount":-1},{"first":116,"second":244,"amount":-1},{"first":118,"second":97,"amount":0},{"first":118,"second":99,"amount":0},{"first":118,"second":100,"amount":0},{"first":118,"second":101,"amount":0},{"first":118,"second":102,"amount":0},{"first":118,"second":103,"amount":0},{"first":118,"second":111,"amount":0},{"first":118,"second":113,"amount":0},{"first":118,"second":46,"amount":-3},{"first":118,"second":44,"amount":-3},{"first":118,"second":39,"amount":0},{"first":118,"second":224,"amount":0},{"first":118,"second":225,"amount":0},{"first":118,"second":226,"amount":0},{"first":118,"second":227,"amount":0},{"first":118,"second":233,"amount":0},{"first":118,"second":232,"amount":0},{"first":118,"second":235,"amount":0},{"first":118,"second":234,"amount":0},{"first":118,"second":246,"amount":0},{"first":118,"second":245,"amount":0},{"first":118,"second":244,"amount":0},{"first":118,"second":231,"amount":0},{"first":119,"second":46,"amount":-3},{"first":119,"second":44,"amount":-3},{"first":120,"second":99,"amount":0},{"first":120,"second":100,"amount":0},{"first":120,"second":101,"amount":0},{"first":120,"second":103,"amount":0},{"first":120,"second":111,"amount":-1},{"first":120,"second":113,"amount":0},{"first":120,"second":233,"amount":0},{"first":120,"second":232,"amount":0},{"first":120,"second":235,"amount":0},{"first":120,"second":234,"amount":0},{"first":120,"second":246,"amount":-1},{"first":120,"second":245,"amount":-1},{"first":120,"second":244,"amount":-1},{"first":120,"second":231,"amount":0},{"first":121,"second":97,"amount":0},{"first":121,"second":99,"amount":0},{"first":121,"second":100,"amount":0},{"first":121,"second":101,"amount":0},{"first":121,"second":102,"amount":0},{"first":121,"second":103,"amount":0},{"first":121,"second":111,"amount":0},{"first":121,"second":113,"amount":0},{"first":121,"second":46,"amount":-3},{"first":121,"second":44,"amount":-3},{"first":121,"second":39,"amount":0},{"first":121,"second":224,"amount":0},{"first":121,"second":225,"amount":0},{"first":121,"second":226,"amount":0},{"first":121,"second":227,"amount":0},{"first":121,"second":233,"amount":0},{"first":121,"second":232,"amount":0},{"first":121,"second":235,"amount":0},{"first":121,"second":234,"amount":0},{"first":121,"second":246,"amount":0},{"first":121,"second":245,"amount":0},{"first":121,"second":244,"amount":0},{"first":121,"second":231,"amount":0},{"first":122,"second":99,"amount":0},{"first":122,"second":100,"amount":0},{"first":122,"second":101,"amount":0},{"first":122,"second":103,"amount":0},{"first":122,"second":111,"amount":0},{"first":122,"second":113,"amount":0},{"first":122,"second":233,"amount":0},{"first":122,"second":232,"amount":0},{"first":122,"second":235,"amount":0},{"first":122,"second":234,"amount":0},{"first":122,"second":246,"amount":0},{"first":122,"second":245,"amount":0},{"first":122,"second":244,"amount":0},{"first":122,"second":231,"amount":0},{"first":46,"second":39,"amount":-6},{"first":47,"second":47,"amount":-5},{"first":44,"second":39,"amount":-6},{"first":39,"second":65,"amount":-2},{"first":39,"second":97,"amount":-1},{"first":39,"second":99,"amount":-1},{"first":39,"second":100,"amount":-1},{"first":39,"second":101,"amount":-1},{"first":39,"second":103,"amount":-1},{"first":39,"second":109,"amount":0},{"first":39,"second":110,"amount":0},{"first":39,"second":111,"amount":-2},{"first":39,"second":112,"amount":0},{"first":39,"second":113,"amount":-1},{"first":39,"second":115,"amount":-2},{"first":39,"second":119,"amount":0},{"first":39,"second":39,"amount":-1},{"first":39,"second":224,"amount":-1},{"first":39,"second":225,"amount":-1},{"first":39,"second":226,"amount":-1},{"first":39,"second":227,"amount":-1},{"first":39,"second":233,"amount":-1},{"first":39,"second":232,"amount":-1},{"first":39,"second":235,"amount":-1},{"first":39,"second":234,"amount":-1},{"first":39,"second":246,"amount":-2},{"first":39,"second":245,"amount":-2},{"first":39,"second":244,"amount":-2},{"first":39,"second":192,"amount":-2},{"first":39,"second":194,"amount":-2},{"first":39,"second":195,"amount":-2},{"first":39,"second":231,"amount":-1},{"first":123,"second":74,"amount":0},{"first":123,"second":85,"amount":0},{"first":123,"second":220,"amount":0},{"first":123,"second":219,"amount":0},{"first":91,"second":74,"amount":0},{"first":91,"second":85,"amount":0},{"first":91,"second":220,"amount":0},{"first":91,"second":219,"amount":0},{"first":40,"second":86,"amount":0},{"first":40,"second":87,"amount":1},{"first":40,"second":89,"amount":0},{"first":32,"second":84,"amount":-1},{"first":224,"second":118,"amount":0},{"first":224,"second":121,"amount":0},{"first":224,"second":39,"amount":0},{"first":225,"second":118,"amount":0},{"first":225,"second":121,"amount":0},{"first":225,"second":39,"amount":0},{"first":226,"second":118,"amount":0},{"first":226,"second":121,"amount":0},{"first":226,"second":39,"amount":0},{"first":227,"second":118,"amount":0},{"first":227,"second":121,"amount":0},{"first":227,"second":39,"amount":0},{"first":233,"second":118,"amount":0},{"first":233,"second":121,"amount":0},{"first":233,"second":39,"amount":0},{"first":232,"second":118,"amount":0},{"first":232,"second":121,"amount":0},{"first":232,"second":39,"amount":0},{"first":235,"second":118,"amount":0},{"first":235,"second":121,"amount":0},{"first":235,"second":39,"amount":0},{"first":234,"second":118,"amount":0},{"first":234,"second":121,"amount":0},{"first":234,"second":39,"amount":0},{"first":246,"second":118,"amount":0},{"first":246,"second":120,"amount":0},{"first":246,"second":121,"amount":0},{"first":246,"second":122,"amount":0},{"first":246,"second":39,"amount":-2},{"first":245,"second":118,"amount":0},{"first":245,"second":120,"amount":0},{"first":245,"second":121,"amount":0},{"first":245,"second":122,"amount":0},{"first":245,"second":39,"amount":-2},{"first":244,"second":118,"amount":0},{"first":244,"second":120,"amount":0},{"first":244,"second":121,"amount":0},{"first":244,"second":122,"amount":0},{"first":244,"second":39,"amount":-2},{"first":192,"second":67,"amount":0},{"first":192,"second":71,"amount":0},{"first":192,"second":79,"amount":0},{"first":192,"second":81,"amount":0},{"first":192,"second":84,"amount":-2},{"first":192,"second":85,"amount":0},{"first":192,"second":86,"amount":-2},{"first":192,"second":87,"amount":-1},{"first":192,"second":89,"amount":-3},{"first":192,"second":109,"amount":-1},{"first":192,"second":110,"amount":-1},{"first":192,"second":111,"amount":0},{"first":192,"second":112,"amount":-1},{"first":192,"second":116,"amount":0},{"first":192,"second":117,"amount":0},{"first":192,"second":118,"amount":-1},{"first":192,"second":119,"amount":-1},{"first":192,"second":121,"amount":-1},{"first":192,"second":122,"amount":0},{"first":192,"second":63,"amount":-2},{"first":192,"second":39,"amount":-2},{"first":192,"second":246,"amount":0},{"first":192,"second":245,"amount":0},{"first":192,"second":244,"amount":0},{"first":192,"second":250,"amount":0},{"first":192,"second":249,"amount":0},{"first":192,"second":252,"amount":0},{"first":192,"second":251,"amount":0},{"first":192,"second":214,"amount":0},{"first":192,"second":212,"amount":0},{"first":192,"second":220,"amount":0},{"first":192,"second":219,"amount":0},{"first":192,"second":199,"amount":0},{"first":194,"second":67,"amount":0},{"first":194,"second":71,"amount":0},{"first":194,"second":79,"amount":0},{"first":194,"second":81,"amount":0},{"first":194,"second":84,"amount":-2},{"first":194,"second":85,"amount":0},{"first":194,"second":86,"amount":-2},{"first":194,"second":87,"amount":-1},{"first":194,"second":89,"amount":-3},{"first":194,"second":109,"amount":-1},{"first":194,"second":110,"amount":-1},{"first":194,"second":111,"amount":0},{"first":194,"second":112,"amount":-1},{"first":194,"second":116,"amount":0},{"first":194,"second":117,"amount":0},{"first":194,"second":118,"amount":-1},{"first":194,"second":119,"amount":-1},{"first":194,"second":121,"amount":-1},{"first":194,"second":122,"amount":0},{"first":194,"second":63,"amount":-2},{"first":194,"second":39,"amount":-2},{"first":194,"second":246,"amount":0},{"first":194,"second":245,"amount":0},{"first":194,"second":244,"amount":0},{"first":194,"second":250,"amount":0},{"first":194,"second":249,"amount":0},{"first":194,"second":252,"amount":0},{"first":194,"second":251,"amount":0},{"first":194,"second":214,"amount":0},{"first":194,"second":212,"amount":0},{"first":194,"second":220,"amount":0},{"first":194,"second":219,"amount":0},{"first":194,"second":199,"amount":0},{"first":195,"second":67,"amount":0},{"first":195,"second":71,"amount":0},{"first":195,"second":79,"amount":0},{"first":195,"second":81,"amount":0},{"first":195,"second":84,"amount":-2},{"first":195,"second":85,"amount":0},{"first":195,"second":86,"amount":-2},{"first":195,"second":87,"amount":-1},{"first":195,"second":89,"amount":-3},{"first":195,"second":109,"amount":-1},{"first":195,"second":110,"amount":-1},{"first":195,"second":111,"amount":0},{"first":195,"second":112,"amount":-1},{"first":195,"second":116,"amount":0},{"first":195,"second":117,"amount":0},{"first":195,"second":118,"amount":-1},{"first":195,"second":119,"amount":-1},{"first":195,"second":121,"amount":-1},{"first":195,"second":122,"amount":0},{"first":195,"second":63,"amount":-2},{"first":195,"second":39,"amount":-2},{"first":195,"second":246,"amount":0},{"first":195,"second":245,"amount":0},{"first":195,"second":244,"amount":0},{"first":195,"second":250,"amount":0},{"first":195,"second":249,"amount":0},{"first":195,"second":252,"amount":0},{"first":195,"second":251,"amount":0},{"first":195,"second":214,"amount":0},{"first":195,"second":212,"amount":0},{"first":195,"second":220,"amount":0},{"first":195,"second":219,"amount":0},{"first":195,"second":199,"amount":0},{"first":201,"second":84,"amount":0},{"first":201,"second":99,"amount":0},{"first":201,"second":100,"amount":0},{"first":201,"second":101,"amount":0},{"first":201,"second":102,"amount":0},{"first":201,"second":103,"amount":0},{"first":201,"second":111,"amount":0},{"first":201,"second":113,"amount":0},{"first":201,"second":117,"amount":0},{"first":201,"second":118,"amount":-1},{"first":201,"second":119,"amount":0},{"first":201,"second":121,"amount":-1},{"first":201,"second":233,"amount":0},{"first":201,"second":232,"amount":0},{"first":201,"second":235,"amount":0},{"first":201,"second":234,"amount":0},{"first":201,"second":246,"amount":0},{"first":201,"second":245,"amount":0},{"first":201,"second":244,"amount":0},{"first":201,"second":250,"amount":0},{"first":201,"second":249,"amount":0},{"first":201,"second":252,"amount":0},{"first":201,"second":251,"amount":0},{"first":201,"second":231,"amount":0},{"first":200,"second":84,"amount":0},{"first":200,"second":99,"amount":0},{"first":200,"second":100,"amount":0},{"first":200,"second":101,"amount":0},{"first":200,"second":102,"amount":0},{"first":200,"second":103,"amount":0},{"first":200,"second":111,"amount":0},{"first":200,"second":113,"amount":0},{"first":200,"second":117,"amount":0},{"first":200,"second":118,"amount":-1},{"first":200,"second":119,"amount":0},{"first":200,"second":121,"amount":-1},{"first":200,"second":233,"amount":0},{"first":200,"second":232,"amount":0},{"first":200,"second":235,"amount":0},{"first":200,"second":234,"amount":0},{"first":200,"second":246,"amount":0},{"first":200,"second":245,"amount":0},{"first":200,"second":244,"amount":0},{"first":200,"second":250,"amount":0},{"first":200,"second":249,"amount":0},{"first":200,"second":252,"amount":0},{"first":200,"second":251,"amount":0},{"first":200,"second":231,"amount":0},{"first":203,"second":84,"amount":0},{"first":203,"second":99,"amount":0},{"first":203,"second":100,"amount":0},{"first":203,"second":101,"amount":0},{"first":203,"second":102,"amount":0},{"first":203,"second":103,"amount":0},{"first":203,"second":111,"amount":0},{"first":203,"second":113,"amount":0},{"first":203,"second":117,"amount":0},{"first":203,"second":118,"amount":-1},{"first":203,"second":119,"amount":0},{"first":203,"second":121,"amount":-1},{"first":203,"second":233,"amount":0},{"first":203,"second":232,"amount":0},{"first":203,"second":235,"amount":0},{"first":203,"second":234,"amount":0},{"first":203,"second":246,"amount":0},{"first":203,"second":245,"amount":0},{"first":203,"second":244,"amount":0},{"first":203,"second":250,"amount":0},{"first":203,"second":249,"amount":0},{"first":203,"second":252,"amount":0},{"first":203,"second":251,"amount":0},{"first":203,"second":231,"amount":0},{"first":202,"second":84,"amount":0},{"first":202,"second":99,"amount":0},{"first":202,"second":100,"amount":0},{"first":202,"second":101,"amount":0},{"first":202,"second":102,"amount":0},{"first":202,"second":103,"amount":0},{"first":202,"second":111,"amount":0},{"first":202,"second":113,"amount":0},{"first":202,"second":117,"amount":0},{"first":202,"second":118,"amount":-1},{"first":202,"second":119,"amount":0},{"first":202,"second":121,"amount":-1},{"first":202,"second":233,"amount":0},{"first":202,"second":232,"amount":0},{"first":202,"second":235,"amount":0},{"first":202,"second":234,"amount":0},{"first":202,"second":246,"amount":0},{"first":202,"second":245,"amount":0},{"first":202,"second":244,"amount":0},{"first":202,"second":250,"amount":0},{"first":202,"second":249,"amount":0},{"first":202,"second":252,"amount":0},{"first":202,"second":251,"amount":0},{"first":202,"second":231,"amount":0},{"first":207,"second":65,"amount":0},{"first":207,"second":84,"amount":-1},{"first":207,"second":88,"amount":0},{"first":207,"second":89,"amount":-1},{"first":207,"second":192,"amount":0},{"first":207,"second":194,"amount":0},{"first":207,"second":195,"amount":0},{"first":206,"second":65,"amount":0},{"first":206,"second":84,"amount":-1},{"first":206,"second":88,"amount":0},{"first":206,"second":89,"amount":-1},{"first":206,"second":192,"amount":0},{"first":206,"second":194,"amount":0},{"first":206,"second":195,"amount":0},{"first":214,"second":65,"amount":0},{"first":214,"second":84,"amount":-2},{"first":214,"second":86,"amount":0},{"first":214,"second":88,"amount":0},{"first":214,"second":89,"amount":-1},{"first":214,"second":90,"amount":0},{"first":214,"second":46,"amount":-3},{"first":214,"second":44,"amount":-3},{"first":214,"second":192,"amount":0},{"first":214,"second":194,"amount":0},{"first":214,"second":195,"amount":0},{"first":212,"second":65,"amount":0},{"first":212,"second":84,"amount":-2},{"first":212,"second":86,"amount":0},{"first":212,"second":88,"amount":0},{"first":212,"second":89,"amount":-1},{"first":212,"second":90,"amount":0},{"first":212,"second":46,"amount":-3},{"first":212,"second":44,"amount":-3},{"first":212,"second":192,"amount":0},{"first":212,"second":194,"amount":0},{"first":212,"second":195,"amount":0},{"first":220,"second":65,"amount":0},{"first":220,"second":192,"amount":0},{"first":220,"second":194,"amount":0},{"first":220,"second":195,"amount":0},{"first":219,"second":65,"amount":0},{"first":219,"second":192,"amount":0},{"first":219,"second":194,"amount":0},{"first":219,"second":195,"amount":0},{"first":231,"second":39,"amount":0},{"first":199,"second":84,"amount":-1},{"first":199,"second":125,"amount":0},{"first":199,"second":93,"amount":0},{"first":199,"second":41,"amount":-1}]}